Method,ISF.L,ADM.L,TW.L,ALB,TXN,VOW3.DE,AAPL,MRVL,ATT.L,CACI,BRK-B,GSK.L,GOOGL,MSFT,SHEL.L,BHP.L,PFE
Original,8.98,4.6,0.6,6.6000000000000005,2.39,0.45999999999999996,9.8,11.77,12.15,2.03,8.33,0.8200000000000001,8.309999999999999,13.819999999999999,3.9899999999999998,2.25,3.1
EW,5.88,5.88,5.88,5.88,5.88,5.88,5.88,5.88,5.88,5.88,5.88,5.88,5.88,5.88,5.88,5.88,5.88
GMV,34.97,12.3,0.0,0.0,0.0,0.0,1.55,0.0,0.0,5.4,14.29,14.91,4.66,0.64,0.0,0.0,11.26
MSR,0.0,0.0,0.0,0.0,0.0,0.0,20.46,0.0,24.62,25.36,0.0,0.0,6.329999999999999,23.24,0.0,0.0,0.0
