Method,ISF.L,ADM.L,TW.L,ALB,TXN,VOW3.DE,AAPL,MRVL,PLTR,ATT.L,CACI,U,BRK-B,GSK.L,HLN.L,GOOGL,MSFT,SHEL.L,BHP.L,VUAG.L,SPCE,PFE
Original,0.0,0.0,0.0,0.0,0.0,0.0,18.310000000000002,0.0,0.0,23.28,11.29,0.0,0.0,0.0,0.0,0.0,47.11,0.0,0.0,0.0,0.0,0.0
EW,4.55,4.55,4.55,4.55,4.55,4.55,4.55,4.55,4.55,4.55,4.55,4.55,4.55,4.55,4.55,4.55,4.55,4.55,4.55,4.55,4.55,4.55
GMV,12.08,9.790000000000001,0.13,0.0,0.0,1.66,0.0,0.0,0.0,0.0,6.39,0.0,12.29,1.6400000000000001,15.24,3.81,6.17,7.88,3.2800000000000002,15.57,0.0,4.09
MSR,22.91,0.0,0.0,0.0,0.0,0.0,0.0,0.0,19.73,0.0,4.32,0.0,0.0,15.809999999999999,14.099999999999998,23.119999999999997,0.0,0.0,0.0,0.0,0.0,0.0
