Portfolio Returns%,Portfolio Volatility%,Portfolio Sharpe Ratio
14.33376034396479,18.5333436428757,0.6488994487306129
