Portfolio Returns%,Portfolio Volatility%,Portfolio Sharpe Ratio
25.596215220968833,18.097934551318108,1.1831619010900185
