Portfolio Returns%,Portfolio Volatility%,Portfolio Sharpe Ratio
14.93608972479971,18.628577566017114,0.5731961454058282
